<?xml version="1.0"?>
<info xmlns:xsi= "http://www.w3.org/2001/XMLSchema-instance"
      xsi:noNamespaceSchemaLocation="https://apps.nextcloud.com/schema/apps/info.xsd">
    <id>vdrive_christmas</id>
    <name>vDrive Christmas</name>
    <summary>Christmas theme for vDrive</summary>
    <description><![CDATA[Bring a cozy Christmas vibe to vDrive (Nextcloud): festive colors, winter feel, and optional snow effects.]]></description>

    <version>1.0.0</version>
    <licence>agpl</licence>

    <author mail="quanvd4@viettel.com.vn" homepage="https://vdrive.viettel.vn">vDrive Team</author>

    <namespace>VDriveChristmas</namespace>
    <category>customization</category>

    <bugs>https://github.com/skjnldsv/pride/issues</bugs>
    <screenshot>https://github.com/skjnldsv/pride/raw/master/screenshot.png</screenshot>
    <screenshot>https://github.com/skjnldsv/pride/raw/master/screenshot2.png</screenshot>

    <dependencies>
        <nextcloud min-version="26" max-version="28"/>
    </dependencies>
</info>
