<?xml version="1.0"?>
<psalm
	errorBaseline="tests/psalm-baseline.xml"
	errorLevel="3"
	findUnusedBaselineEntry="true"
	findUnusedCode="false"
	resolveFromConfigFile="true"
	phpVersion="8.1"
	xmlns:xsi="http://www.w3.org/2001/XMLSchema-instance"
	xmlns="https://getpsalm.org/schema/config"
	xsi:schemaLocation="https://getpsalm.org/schema/config vendor-bin/psalm/vendor/vimeo/psalm/config.xsd"
>
	<projectFiles>
		<directory name="lib" />
		<ignoreFiles>
			<directory name="vendor" />
			<directory name="vendor-bin" />
		</ignoreFiles>
	</projectFiles>
	<extraFiles>
		<directory name="vendor" />
	</extraFiles>
</psalm>
